name,email,date
Pierson Vearncomb,pvearncomb0@senate.gov,12/30/2012
Casey Morrice,cmorrice1@netscape.com,1/27/1997
Charmaine Ravenscroftt,cravenscroftt2@buzzfeed.com,3/7/2012
Dee dee Corradengo,ddee3@flickr.com,11/20/2008
Merry Delany,mdelany4@over-blog.com,1/10/2002
Alys Finlow,afinlow5@washingtonpost.com,2/23/2013
Grannie Tizard,gtizard6@booking.com,3/17/2018
Marylou Ainsby,mainsby7@github.com,2/28/2003
Denny MacKeller,dmackeller8@admin.ch,12/22/2022
Diane-marie Filpi,dfilpi9@hibu.com,12/18/2014
Evelyn Sholl,esholla@quantcast.com,11/8/2010
Val Stairs,vstairsb@indiatimes.com,3/24/1998
Quinton Tibbetts,qtibbettsc@geocities.com,2/5/2022
Frederigo Creevy,fcreevyd@cnn.com,4/17/2016
Joseph O'Driscoll,jodriscolle@cnbc.com,10/14/2021
Hetti Tumasian,htumasianf@arstechnica.com,7/5/2011
Zahara de la Valette Parisot,zdeg@chron.com,12/8/1999
Glenn Alcorn,galcornh@abc.net.au,7/8/2006
Cynthea Rawsthorne,crawsthornei@statcounter.com,3/21/2024
Elmira Delong,edelongj@geocities.jp,1/28/2016
Prent Kiely,pkielyk@a8.net,9/16/2021
Frasquito Nannizzi,fnannizzil@census.gov,4/9/2004
Rochelle Baggiani,rbaggianim@noaa.gov,12/18/2004
Jaquith Rubury,jruburyn@wiley.com,10/3/2011
Nerita Behning,nbehningo@chron.com,8/12/1998
Vonni Torrejon,vtorrejonp@hostgator.com,7/8/2014
Kiel Simanek,ksimanekq@myspace.com,4/25/1997
Pennie Vaudin,pvaudinr@barnesandnoble.com,1/13/2005
Patricio Lathom,plathoms@msn.com,10/11/2014
Harlie Quilliam,hquilliamt@fastcompany.com,8/21/2011
Thekla Nerger,tnergeru@japanpost.jp,3/27/2022
Dory Yashaev,dyashaevv@google.ru,11/13/2010
Shermie Pearson,spearsonw@nasa.gov,4/11/2024
Reece Reedy,rreedyx@tinyurl.com,3/8/1999
Alysa Kettles,akettlesy@posterous.com,7/20/2002
Delinda Nelsey,dnelseyz@multiply.com,7/10/2020
Aveline Spacy,aspacy10@mysql.com,10/12/2007
Charisse Dixcey,cdixcey11@samsung.com,3/2/2014
Kizzee Labbez,klabbez12@skyrock.com,12/5/2013
Zuzana Ledgeway,zledgeway13@vimeo.com,6/10/2023
Franky Daffey,fdaffey14@webnode.com,10/16/2018
Margarita Jewes,mjewes15@wufoo.com,7/2/1997
Franz Golland,,9/18/1998
Giulio Davidove,gdavidove17@baidu.com,5/18/1997
Dido Platt,dplatt18@admin.ch,9/28/2012
Cybill Challin,cchallin19@skyrock.com,1/25/2013
Dudley McLagain,dmclagain1a@dmoz.org,5/3/2008
Matty Kahn,mkahn1b@shareasale.com,2/26/2017
Bartholemy Routham,broutham1c@skype.com,8/15/2019
Harvey Rozsa,hrozsa1d@slate.com,5/19/2013
Annice Garnson,agarnson1e@flavors.me,2/29/2020
Zackariah Ackhurst,,9/12/2024
Maggy Nockells,mnockells1g@hexun.com,3/5/2006
Rozele Kleinplatz,rkleinplatz1h@illinois.edu,6/13/2022
Quintus Maghull,qmaghull1i@mozilla.com,4/1/2007
Sadie Checcuzzi,scheccuzzi1j@ocn.ne.jp,7/17/2021
Reinaldo Echlin,rechlin1k@sphinn.com,2/4/2004
Birgitta Fritschmann,bfritschmann1l@loc.gov,4/15/2004
Sholom Shanklin,sshanklin1m@lycos.com,4/17/2023
Angelia Rigate,arigate1n@cdc.gov,8/11/2023
Bobbie Dahle,bdahle1o@hp.com,4/9/2018
Lou Monnoyer,lmonnoyer1p@gravatar.com,3/1/2008
Floyd Taffs,ftaffs1q@answers.com,5/1/2003
Raddy Joscelin,rjoscelin1r@ning.com,10/31/2001
Hashim Greedyer,hgreedyer1s@ustream.tv,10/31/2013
Idalina Criag,icriag1t@nymag.com,7/7/2022
Hyacintha Wakelam,hwakelam1u@arstechnica.com,6/14/2014
Pamella Asken,pasken1v@g.co,12/2/2005
Mallorie Wogan,mwogan1w@wiley.com,2/14/2009
Cherianne Harrald,charrald1x@gmpg.org,4/19/2014
Wildon Gurling,wgurling1y@etsy.com,3/17/2020
Barbey Starbucke,bstarbucke1z@nyu.edu,1/17/2024
Karrah Millthorpe,kmillthorpe20@ucoz.com,11/6/2005
Erasmus Loxly,eloxly21@sciencedaily.com,9/30/2001
Garold Longstreeth,glongstreeth22@patch.com,7/20/2008
Agnola Babin,ababin23@meetup.com,2/11/2024
Sela Martyntsev,smartyntsev24@unicef.org,2/27/2007
Marja Stobart,mstobart25@ted.com,6/28/2010
Cori Stopper,,12/13/2009
Shayna Monkley,smonkley27@blinklist.com,1/12/2017
Maximilian Swaysland,mswaysland28@hhs.gov,12/24/2018
Elayne Gerauld,egerauld29@columbia.edu,11/27/2018
Cristabel Brundrett,cbrundrett2a@sitemeter.com,10/26/2017
Cinda Palfrey,cpalfrey2b@ameblo.jp,9/14/2016
Fanny Aspinall,faspinall2c@over-blog.com,4/1/2010
Yolanthe Shawell,yshawell2d@g.co,7/31/2002
Lloyd Timbridge,ltimbridge2e@mtv.com,6/12/2010
Felita Foker,ffoker2f@mtv.com,4/5/1998
Valentin Nicholl,vnicholl2g@bloomberg.com,1/28/2020
Auria Innocenti,ainnocenti2h@msn.com,11/13/2003
Jorie Blanckley,jblanckley2i@ebay.com,7/13/2016
Sacha Hurdwell,shurdwell2j@ow.ly,6/1/2001
Devonna Blouet,dblouet2k@tmall.com,3/19/2021
Pattie Kaliszewski,pkaliszewski2l@youku.com,7/16/2016
Dianne Shephard,dshephard2m@myspace.com,5/18/2013
Myrwyn Porritt,mporritt2n@google.pl,2/5/2023
Zorine Ivermee,zivermee2o@facebook.com,4/10/1998
Dorelle MacAnespie,dmacanespie2p@admin.ch,2/8/2011
Erasmus Jandourek,,4/6/2003
Rafferty Holtham,rholtham2r@newsvine.com,8/23/2006
