firstName,lastName,userName,email,domain,date
Pierson,Vearncomb,pearncomb,pvearncomb0@senate.gov,senate.gov,12/30/2012
Casey,Morrice,corrice,cmorrice1@netscape.com,netscape.com,1/27/1997
Charmaine,Ravenscroftt,cavenscroftt,cravenscroftt2@buzzfeed.com,buzzfeed.com,3/7/2012
Dee,dee,dee,ddee3@flickr.com,flickr.com,11/20/2008
Merry,Delany,melany,mdelany4@over-blog.com,over-blog.com,1/10/2002
Alys,Finlow,ainlow,afinlow5@washingtonpost.com,washingtonpost.com,2/23/2013
Grannie,Tizard,gizard,gtizard6@booking.com,booking.com,3/17/2018
Marylou,Ainsby,minsby,mainsby7@github.com,github.com,2/28/2003
Denny,MacKeller,dackeller,dmackeller8@admin.ch,admin.ch,12/22/2022
Diane-marie,Filpi,dilpi,dfilpi9@hibu.com,hibu.com,12/18/2014
Evelyn,Sholl,eholl,esholla@quantcast.com,quantcast.com,11/8/2010
Val,Stairs,vtairs,vstairsb@indiatimes.com,indiatimes.com,3/24/1998
Quinton,Tibbetts,qibbetts,qtibbettsc@geocities.com,geocities.com,2/5/2022
Frederigo,Creevy,freevy,fcreevyd@cnn.com,cnn.com,4/17/2016
Joseph,O'Driscoll,j'driscoll,jodriscolle@cnbc.com,cnbc.com,10/14/2021
Hetti,Tumasian,humasian,htumasianf@arstechnica.com,arstechnica.com,7/5/2011
Zahara,de,ze,zdeg@chron.com,chron.com,12/8/1999
Glenn,Alcorn,glcorn,galcornh@abc.net.au,abc.net.au,7/8/2006
Cynthea,Rawsthorne,cawsthorne,crawsthornei@statcounter.com,statcounter.com,3/21/2024
Elmira,Delong,eelong,edelongj@geocities.jp,geocities.jp,1/28/2016
Prent,Kiely,piely,pkielyk@a8.net,a8.net,9/16/2021
Frasquito,Nannizzi,fannizzi,fnannizzil@census.gov,census.gov,4/9/2004
Rochelle,Baggiani,raggiani,rbaggianim@noaa.gov,noaa.gov,12/18/2004
Jaquith,Rubury,jubury,jruburyn@wiley.com,wiley.com,10/3/2011
Nerita,Behning,nehning,nbehningo@chron.com,chron.com,8/12/1998
Vonni,Torrejon,vorrejon,vtorrejonp@hostgator.com,hostgator.com,7/8/2014
Kiel,Simanek,kimanek,ksimanekq@myspace.com,myspace.com,4/25/1997
Pennie,Vaudin,paudin,pvaudinr@barnesandnoble.com,barnesandnoble.com,1/13/2005
Patricio,Lathom,pathom,plathoms@msn.com,msn.com,10/11/2014
Harlie,Quilliam,huilliam,hquilliamt@fastcompany.com,fastcompany.com,8/21/2011
Thekla,Nerger,terger,tnergeru@japanpost.jp,japanpost.jp,3/27/2022
Dory,Yashaev,dashaev,dyashaevv@google.ru,google.ru,11/13/2010
Shermie,Pearson,searson,spearsonw@nasa.gov,nasa.gov,4/11/2024
Reece,Reedy,reedy,rreedyx@tinyurl.com,tinyurl.com,3/8/1999
Alysa,Kettles,aettles,akettlesy@posterous.com,posterous.com,7/20/2002
Delinda,Nelsey,delsey,dnelseyz@multiply.com,multiply.com,7/10/2020
Aveline,Spacy,apacy,aspacy10@mysql.com,mysql.com,10/12/2007
Charisse,Dixcey,cixcey,cdixcey11@samsung.com,samsung.com,3/2/2014
Kizzee,Labbez,kabbez,klabbez12@skyrock.com,skyrock.com,12/5/2013
Zuzana,Ledgeway,zedgeway,zledgeway13@vimeo.com,vimeo.com,6/10/2023
Franky,Daffey,faffey,fdaffey14@webnode.com,webnode.com,10/16/2018
Margarita,Jewes,mewes,mjewes15@wufoo.com,wufoo.com,7/2/1997
Franz,Golland,folland,null,null,9/18/1998
Giulio,Davidove,gavidove,gdavidove17@baidu.com,baidu.com,5/18/1997
Dido,Platt,dlatt,dplatt18@admin.ch,admin.ch,9/28/2012
Cybill,Challin,challin,cchallin19@skyrock.com,skyrock.com,1/25/2013
Dudley,McLagain,dclagain,dmclagain1a@dmoz.org,dmoz.org,5/3/2008
Matty,Kahn,mahn,mkahn1b@shareasale.com,shareasale.com,2/26/2017
Bartholemy,Routham,boutham,broutham1c@skype.com,skype.com,8/15/2019
Harvey,Rozsa,hozsa,hrozsa1d@slate.com,slate.com,5/19/2013
Annice,Garnson,aarnson,agarnson1e@flavors.me,flavors.me,2/29/2020
Zackariah,Ackhurst,zckhurst,null,null,9/12/2024
Maggy,Nockells,mockells,mnockells1g@hexun.com,hexun.com,3/5/2006
Rozele,Kleinplatz,rleinplatz,rkleinplatz1h@illinois.edu,illinois.edu,6/13/2022
Quintus,Maghull,qaghull,qmaghull1i@mozilla.com,mozilla.com,4/1/2007
Sadie,Checcuzzi,sheccuzzi,scheccuzzi1j@ocn.ne.jp,ocn.ne.jp,7/17/2021
Reinaldo,Echlin,rchlin,rechlin1k@sphinn.com,sphinn.com,2/4/2004
Birgitta,Fritschmann,britschmann,bfritschmann1l@loc.gov,loc.gov,4/15/2004
Sholom,Shanklin,shanklin,sshanklin1m@lycos.com,lycos.com,4/17/2023
Angelia,Rigate,aigate,arigate1n@cdc.gov,cdc.gov,8/11/2023
Bobbie,Dahle,bahle,bdahle1o@hp.com,hp.com,4/9/2018
Lou,Monnoyer,lonnoyer,lmonnoyer1p@gravatar.com,gravatar.com,3/1/2008
Floyd,Taffs,faffs,ftaffs1q@answers.com,answers.com,5/1/2003
Raddy,Joscelin,roscelin,rjoscelin1r@ning.com,ning.com,10/31/2001
Hashim,Greedyer,hreedyer,hgreedyer1s@ustream.tv,ustream.tv,10/31/2013
Idalina,Criag,iriag,icriag1t@nymag.com,nymag.com,7/7/2022
Hyacintha,Wakelam,hakelam,hwakelam1u@arstechnica.com,arstechnica.com,6/14/2014
Pamella,Asken,psken,pasken1v@g.co,g.co,12/2/2005
Mallorie,Wogan,mogan,mwogan1w@wiley.com,wiley.com,2/14/2009
Cherianne,Harrald,carrald,charrald1x@gmpg.org,gmpg.org,4/19/2014
Wildon,Gurling,wurling,wgurling1y@etsy.com,etsy.com,3/17/2020
Barbey,Starbucke,btarbucke,bstarbucke1z@nyu.edu,nyu.edu,1/17/2024
Karrah,Millthorpe,killthorpe,kmillthorpe20@ucoz.com,ucoz.com,11/6/2005
Erasmus,Loxly,eoxly,eloxly21@sciencedaily.com,sciencedaily.com,9/30/2001
Garold,Longstreeth,gongstreeth,glongstreeth22@patch.com,patch.com,7/20/2008
Agnola,Babin,aabin,ababin23@meetup.com,meetup.com,2/11/2024
Sela,Martyntsev,sartyntsev,smartyntsev24@unicef.org,unicef.org,2/27/2007
Marja,Stobart,mtobart,mstobart25@ted.com,ted.com,6/28/2010
Cori,Stopper,ctopper,null,null,12/13/2009
Shayna,Monkley,sonkley,smonkley27@blinklist.com,blinklist.com,1/12/2017
Maximilian,Swaysland,mwaysland,mswaysland28@hhs.gov,hhs.gov,12/24/2018
Elayne,Gerauld,eerauld,egerauld29@columbia.edu,columbia.edu,11/27/2018
Cristabel,Brundrett,crundrett,cbrundrett2a@sitemeter.com,sitemeter.com,10/26/2017
Cinda,Palfrey,calfrey,cpalfrey2b@ameblo.jp,ameblo.jp,9/14/2016
Fanny,Aspinall,fspinall,faspinall2c@over-blog.com,over-blog.com,4/1/2010
Yolanthe,Shawell,yhawell,yshawell2d@g.co,g.co,7/31/2002
Lloyd,Timbridge,limbridge,ltimbridge2e@mtv.com,mtv.com,6/12/2010
Felita,Foker,foker,ffoker2f@mtv.com,mtv.com,4/5/1998
Valentin,Nicholl,vicholl,vnicholl2g@bloomberg.com,bloomberg.com,1/28/2020
Auria,Innocenti,annocenti,ainnocenti2h@msn.com,msn.com,11/13/2003
Jorie,Blanckley,jlanckley,jblanckley2i@ebay.com,ebay.com,7/13/2016
Sacha,Hurdwell,surdwell,shurdwell2j@ow.ly,ow.ly,6/1/2001
Devonna,Blouet,dlouet,dblouet2k@tmall.com,tmall.com,3/19/2021
Pattie,Kaliszewski,paliszewski,pkaliszewski2l@youku.com,youku.com,7/16/2016
Dianne,Shephard,dhephard,dshephard2m@myspace.com,myspace.com,5/18/2013
Myrwyn,Porritt,morritt,mporritt2n@google.pl,google.pl,2/5/2023
Zorine,Ivermee,zvermee,zivermee2o@facebook.com,facebook.com,4/10/1998
Dorelle,MacAnespie,dacanespie,dmacanespie2p@admin.ch,admin.ch,2/8/2011
Erasmus,Jandourek,eandourek,null,null,4/6/2003
Rafferty,Holtham,roltham,rholtham2r@newsvine.com,newsvine.com,8/23/2006
